month,expenses,revenue,net_profit,profit_margin_pct
,1650795731.57,1980954877.8839998,330159146.3139999,16.666666666666664
